{
  "displayName": "Data Sharing at the Edge",
  "name": "data-sharing-at-the-edge",
  "iconPath": "resources/icons/cloud-connector.svg",
  "version": "1.2.5",
  "description": "Extension that enables secure data sharing at the edge to external endpoints.",
  "author": {
    "name": "Adobe Systems",
    "url": "http://adobe.com",
    "email": "reactor@adobe.com"
  },
  "platform": "edge",
  "viewBasePath": "dist/",
  "actions": [
    {
      "name": "send-data",
      "displayName": "Send Data to External Endpoint",
      "libPath": "src/lib/actions/sendData.js",
      "viewPath": "actions/sendData.html",
      "schema": {
        "$schema": "http://json-schema.org/draft-04/schema#",
        "type": "object",
        "properties": {
          "method": {
            "type": "string",
            "minLength": 1,
            "enum": ["GET", "POST", "PUT", "PATCH", "DELETE"]
          },
          "url": {
            "type": "string",
            "minLength": 1,
            "pattern": "https?:\\/\\/[-a-zA-Z0-9@:%._+~#=]{1,256}\\.[a-zA-Z0-9()]+\\b([-a-zA-Z0-9()@:%_+.~#?&//=]*)"
          },
          "headers": {
            "type": "array",
            "items": {
              "type": "object",
              "properties": {
                "key": {
                  "type": "string",
                  "minLength": 1
                },
                "value": {
                  "type": "string"
                }
              }
            },
            "additionalProperties": false,
            "required": ["key", "name"]
          },
          "body": {
            "oneOf": [
              {
                "type": "object"
              },
              {
                "type": "string"
              }
            ]
          },
          "responseKey": {
            "type": "string",
            "minLength": 1
          },
          "useMtls": {
            "type": "boolean"
          }
        },
        "additionalProperties": false,
        "required": ["method", "url"]
      }
    }
  ]
}
